date,service,cost
2024-01-01,EC2,120
2024-01-01,RDS,80
2024-01-01,S3,40
2024-01-01,Lambda,25
2024-01-01,Data Transfer,15
2024-01-02,EC2,130
2024-01-02,RDS,78
2024-01-02,S3,42
2024-01-02,Lambda,28
2024-01-02,Data Transfer,16
2024-01-03,EC2,135
2024-01-03,RDS,82
2024-01-03,S3,41
2024-01-03,Lambda,26
2024-01-03,Data Transfer,17
2024-01-04,EC2,140
2024-01-04,RDS,85
2024-01-04,S3,43
2024-01-04,Lambda,27
2024-01-04,Data Transfer,18
2024-01-05,EC2,150
2024-01-05,RDS,88
2024-01-05,S3,44
2024-01-05,Lambda,30
2024-01-05,Data Transfer,20
2024-01-06,EC2,160
2024-01-06,RDS,90
2024-01-06,S3,46
2024-01-06,Lambda,31
2024-01-06,Data Transfer,21
2024-01-07,EC2,155
2024-01-07,RDS,92
2024-01-07,S3,47
2024-01-07,Lambda,33
2024-01-07,Data Transfer,22
2024-01-08,EC2,165
2024-01-08,RDS,96
2024-01-08,S3,49
2024-01-08,Lambda,35
2024-01-08,Data Transfer,23
2024-01-09,EC2,170
2024-01-09,RDS,95
2024-01-09,S3,50
2024-01-09,Lambda,36
2024-01-09,Data Transfer,24
2024-01-10,EC2,175
2024-01-10,RDS,100
2024-01-10,S3,52
2024-01-10,Lambda,37
2024-01-10,Data Transfer,25
2024-01-11,EC2,180
2024-01-11,RDS,102
2024-01-11,S3,54
2024-01-11,Lambda,38
2024-01-11,Data Transfer,26
2024-01-12,EC2,185
2024-01-12,RDS,105
2024-01-12,S3,57
2024-01-12,Lambda,39
2024-01-12,Data Transfer,28
2024-01-13,EC2,190
2024-01-13,RDS,108
2024-01-13,S3,59
2024-01-13,Lambda,40
2024-01-13,Data Transfer,29
2024-01-14,EC2,195
2024-01-14,RDS,110
2024-01-14,S3,60
2024-01-14,Lambda,42
2024-01-14,Data Transfer,30
2024-01-15,EC2,200
2024-01-15,RDS,112
2024-01-15,S3,62
2024-01-15,Lambda,44
2024-01-15,Data Transfer,31
2024-01-16,EC2,210
2024-01-16,RDS,116
2024-01-16,S3,64
2024-01-16,Lambda,47
2024-01-16,Data Transfer,33
2024-01-17,EC2,215
2024-01-17,RDS,120
2024-01-17,S3,68
2024-01-17,Lambda,48
2024-01-17,Data Transfer,35
2024-01-18,EC2,220
2024-01-18,RDS,122
2024-01-18,S3,69
2024-01-18,Lambda,51
2024-01-18,Data Transfer,36
2024-01-19,EC2,230
2024-01-19,RDS,128
2024-01-19,S3,71
2024-01-19,Lambda,53
2024-01-19,Data Transfer,38
2024-01-20,EC2,250
2024-01-20,RDS,135
2024-01-20,S3,75
2024-01-20,Lambda,57
2024-01-20,Data Transfer,40
2024-01-21,EC2,260
2024-01-21,RDS,138
2024-01-21,S3,79
2024-01-21,Lambda,60
2024-01-21,Data Transfer,42
2024-01-22,EC2,270
2024-01-22,RDS,145
2024-01-22,S3,82
2024-01-22,Lambda,62
2024-01-22,Data Transfer,44
2024-01-23,EC2,280
2024-01-23,RDS,150
2024-01-23,S3,84
2024-01-23,Lambda,64
2024-01-23,Data Transfer,46
2024-01-24,EC2,290
2024-01-24,RDS,155
2024-01-24,S3,88
2024-01-24,Lambda,66
2024-01-24,Data Transfer,48
2024-01-25,EC2,300
2024-01-25,RDS,160
2024-01-25,S3,90
2024-01-25,Lambda,68
2024-01-25,Data Transfer,50
